Country,Date Start,Keywords
Austria,2020-03-16,university closure
Germany,2020-02-01,"international traveller quarantine - risk countries, traveller testing"
United Kingdom,2020-03-20,"nursery school closure, school closure, university closure"
United Kingdom,2020-03-16,blanket isolation - symptoms
United Kingdom,2020-03-16,isolation advice to elderly
United Kingdom,2020-03-16,"public announcement, social distancing"
United Kingdom,2020-03-14,"end of testing, testing criteria tightened"
United Kingdom,2020-02-26,international traveller quarantine - risk countries
United Kingdom,2020-03-18,outbound travel warning
Vietnam,2020-02-08,school closure
Vietnam,2020-02-04,international travel ban - risk countries
Vietnam,2020-02-03,school closure
Vietnam,2020-02-01,international travel ban - risk countries
Vietnam,2020-02-01,international travel ban - risk countries
Vietnam,2020-01-16,international traveller screening - risk countries
South Korea,2020-03-21,religious activity limitations
South Korea,2020-03-17,school closure
South Korea,2020-03-13,international traveller quarantine - risk countries
South Korea,2020-03-11,international traveller screening - all countries
South Korea,2020-03-10,epidemic data
South Korea,2020-03-09,"personal hygiene, social distancing"
South Korea,2020-03-05,"remote work, social distancing"
South Korea,2020-03-04,special management arrangements
South Korea,2020-03-02,remote schooling
South Korea,2020-03-02,school closure
South Korea,2020-03-02,discharged patient isolation
South Korea,2020-03-02,"hospital specialisation, hospital treatment, task group, treatment capacity"
South Korea,2020-03-02,"public announcement, public hygiene"
South Korea,2020-03-01,university closure
South Korea,2020-02-29,"religious activity limitations, social distancing"
South Korea,2020-02-29,"personal hygiene, social distancing"
South Korea,2020-02-29,remote work
South Korea,2020-02-27,medical staff protective equipment
South Korea,2020-02-27,"epidemic data, public hygiene"
South Korea,2020-02-26,"confirmed case isolation, religious activity cancellation, symptom isolation"
South Korea,2020-02-25,"hygiene enforcement, individual hygiene, social distancing"
South Korea,2020-02-25,social distancing
South Korea,2020-02-25,cohort isolation - no symptoms
South Korea,2020-02-24,"public announcement, special management arrangements"
South Korea,2020-02-23,"confirmed case isolation, public announcement"
South Korea,2020-02-22,"cohort isolation - no symptoms, test cohorts"
South Korea,2020-02-22,cohort isolation - no symptoms
South Korea,2020-02-21,"hospital specialisation, public facility cleaning"
South Korea,2020-02-19,cluster isolation - no symptoms
South Korea,2020-02-18,testing
South Korea,2020-02-07,"test symptomatic, testing criteria"
South Korea,2020-02-04,public facility cleaning
South Korea,2020-01-31,expansion of testing facilities
South Korea,2020-01-30,new testing method commenced
South Korea,2020-01-08,first case
South Korea,2020-03-13,hospital specialisation
South Korea,2020-03-12,"public facility cleaning, public hygiene"
Singapore,2020-03-23,international travel ban - all countries
Singapore,2020-02-07,public announcement
Israel,2020-01-30,international travel ban - risk countries
Japan,2020-03-24,very large event cancellation or postponement
Sweden,2020-03-20,"economic stimulus, financial incentive"
Sweden,2020-03-20,"economic incentives, economic stimulus"
Sweden,2020-03-19,"hygiene enforcement, manufacturing capacity"
Sweden,2020-03-18,"compulsory isolation, school closure, university closure"
Sweden,2020-03-18,"economic stimulus, financial incentive"
Sweden,2020-03-17,international travel ban - all countries
Sweden,2020-03-11,"new testing method commenced, testing criteria, testing criteria tightened"
Sweden,2020-03-11,"compulsory isolation, outdoor gatherings banned"
Sweden,2020-01-31,"case reporting, first case"
San Marino,2020-03-14,blanket isolation - no symptoms
San Marino,2020-02-27,"case reporting, first case"
San Marino,2020-03-08,"contact tracing, phone based location tracing"
Slovenia,2020-03-19,testing numbers total
Slovenia,2020-03-14,public transport stopped
Slovenia,2020-03-16,"nursery school closure, school closure, university closure"
Slovenia,2020-03-11,cohort isolation - no symptoms
Slovenia,2020-03-10,international travel ban - risk countries
Slovenia,2020-03-09,outdoor gatherings banned
Slovenia,2020-03-04,"case reporting, first case"
Slovenia,2020-03-09,indoor gatherings banned
Slovenia,2020-03-16,limited nonessential business suspension
Slovenia,2020-03-12,public announcement
Slovenia,2020-03-20,"blanket curfew - no symptoms, compulsory isolation"
Slovenia,2020-03-16,general nonessential business suspension
Slovenia,2020-03-16,"new testing method commenced, testing criteria"
Slovenia,2020-03-23,economic incentives
Israel,2020-03-18,testing numbers total
Israel,2020-03-17,phone based location tracing
Israel,2020-03-15,school closure
Israel,2020-03-09,international traveller quarantine - risk countries
Israel,2020-02-26,outbound travel warning
Israel,2020-02-17,international travel ban - risk countries
Israel,2020-03-15,"general nonessential business suspension, sports cancellation"
Israel,2020-03-18,international travel ban - all countries
Israel,2020-03-11,social distancing
Israel,2020-03-15,social distancing
Israel,2020-03-19,"social distancing, state of emergency"
Israel,2020-02-21,first case
US:New Jersey,2020-03-17,very large event cancellation or postponement
Canada,2020-03-18,"economic incentives, financial incentive"
Canada,2020-03-12,"handwashing encouragement, public mask encouragement"
Canada,2020-03-12,contact isolation - no symptoms
Canada,2020-03-12,contact isolation - symptoms
Canada,2020-03-12,"individual hygiene, personal hygiene"
Canada,2020-03-19,testing numbers total
Hong Kong,2020-03-29,case reporting
Hong Kong,2020-03-28,"contact isolation - no symptoms, voluntary isolation"
Hong Kong,2020-03-28,"compulsory isolation, contact isolation - no symptoms, quarantine zone"
Hong Kong,2020-03-30,"compulsory isolation, quaratine violation, sentence"
Hong Kong,2020-03-27,"compulsory isolation, contact isolation - no symptoms"
Hong Kong,2020-03-27,"indoor person density, limited nonessential business suspension, outdoor gatherings banned, restaurant limitations, social distancing advice"
Hong Kong,2020-03-25,"cluster isolation - no symptoms, domestic traveller screening, phone based location tracing"
Hong Kong,2020-03-26,contact isolation - no symptoms
Hong Kong,2020-03-25,limited nonessential business suspension
Hong Kong,2020-03-05,testing numbers total
Hong Kong,2020-03-20,outbound travel warning
Hong Kong,2020-03-20,"bracelet based location tracking, phone based location tracing"
Hong Kong,2020-03-25,"compulsory isolation, international travel ban - all countries, international traveller quarantine - all countries"
Hong Kong,2020-02-08,"compulsory isolation, confirmed case isolation, quarantine zone"
Hong Kong,2020-03-21,"general nonessential business suspension, public announcement, public mask and hygiene supply, remote work, school closure, social distancing, very large event cancellation or postponement, waste water treatment"
Hong Kong,2020-03-22,"case reporting, imported case, local case"
Hong Kong,2020-03-23,"case reporting, imported case, local case"
Hong Kong,2020-02-03,first death
Hong Kong,2020-03-23,sports cancellation
Hong Kong,2020-02-03,activism for stricter measures
Hong Kong,2020-03-23,"bracelet based location tracking, low compliance"
Hong Kong,2020-02-25,school closure
Hong Kong,2020-03-15,"encouraging symptomatic people to seek tests, international traveller screening - risk countries, public mask encouragement"
Hong Kong,2020-03-11,public mask and hygiene supply
Hong Kong,2020-03-13,"international traveller screening - risk countries, outbound travel warning"
Hong Kong,2020-02-24,"encouraging symptomatic people to seek tests, international traveller screening - risk countries, outbound travel warning, public mask encouragement"
Hong Kong,2020-02-28,"encouraging symptomatic people to seek tests, international traveller screening - risk countries, public mask encouragement"
Hong Kong,2020-03-08,"international traveller screening - all countries, source tracing"
Hong Kong,2020-03-10,outbound travel warning
Hong Kong,2020-03-20,"compulsory isolation, international traveller quarantine - all countries"
Hong Kong,2020-02-07,very large event cancellation or postponement
Hong Kong,2019-12-30,international traveller quarantine - risk countries
Taiwan,2019-12-31,coronavirus education activities
Taiwan,2019-12-31,"coronavirus education activities, encouraging symptomatic people to seek tests, international traveller screening - risk countries"
Taiwan,2020-03-20,testing numbers total
Taiwan,2020-03-23,compulsory isolation
Taiwan,2020-01-24,public mask and hygiene supply
Taiwan,2020-03-14,international traveller quarantine - risk countries
Taiwan,2020-02-17,"testing, testing criteria"
Taiwan,2020-01-05,international traveller screening - risk countries
Taiwan,2020-02-01,international traveller quarantine - risk countries
Taiwan,2019-12-30,international traveller screening - all countries
Macau,2019-12-30,international traveller screening - all countries
China,2019-12-18,first case
China,2019-12-25,"compulsory isolation, confirmed case isolation"
China,2019-12-30,"case reporting, research, source tracing"
China,2020-01-01,limited nonessential business suspension
China,2020-01-15,case reporting
China,2020-01-20,"special management arrangements, task group"
China,2020-01-20,first case
China,2020-01-03,"contacts traced total, research"
China,2020-02-01,"deregulation, economic incentives"
China,2020-02-01,waste water treatment
China,2020-02-01,"social distancing, weddings canceled"
United States,2020-01-07,outbound travel warning
China,2020-02-01,"blanket isolation - no symptoms, compulsory isolation"
China,2020-02-01,"general nonessential business suspension, school closure, university closure"
China,2020-02-01,"general nonessential business suspension, school closure, university closure"
China,2020-02-01,"hospital construction, hospital specialisation, treatment capacity"
China,2020-01-08,public announcement
China,2020-02-01,economic stimulus
China,2020-02-01,limited nonessential business suspension
China,2020-02-01,limited nonessential business suspension
China,2020-02-01,"funeral hygiene, hygiene enforcement, public hygiene"
China,2020-02-01,event cancellation - other
China,2020-02-02,speculative treatment
China,2020-02-02,"blanket isolation - no symptoms, compulsory isolation"
China,2020-02-02,"hospital construction, hospital specialisation"
China,2020-02-02,public hygiene
China,2020-02-02,"deregulation, economic incentives"
China,2020-02-02,"compulsory isolation, contact isolation - no symptoms"
China,2020-02-02,international aid
China,2020-02-02,manufacturing capacity
China,2020-02-03,"military takeover, special management arrangements"
China,2020-02-03,general nonessential business suspension
China,2020-02-03,international traveller screening - risk countries
China,2020-02-04,economic stimulus
China,2020-02-05,diagnostic criteria loosened
China,2020-02-05,"hospital construction, hospital specialisation, treatment capacity"
China,2020-02-05,"hospital construction, hospital specialisation, treatment capacity"
China,2020-02-05,"intellectual property, pharmaceutical treatment"
China,2020-02-06,"school closure, university closure"
China,2020-02-06,"school closure, university closure"
China,2020-02-06,"school closure, university closure"
China,2020-02-06,economic stimulus
China,2020-02-06,"school closure, university closure"
China,2020-02-06,economic stimulus
China,2020-02-06,epidemic data
China,2020-02-06,"deregulation, economic stimulus"
China,2020-02-07,medical aid
China,2020-02-07,"encouraging symptomatic people to seek tests, fever medicine ban"
China,2020-02-08,economic stimulus
China,2020-02-08,treatment capacity
China,2020-02-08,economic stimulus
China,2020-02-08,"hospital construction, hospital specialisation, treatment capacity"
China,2020-02-08,business resumed
China,2020-02-10,very large event cancellation or postponement
European Union,2020-01-09,public announcement
China,2020-01-10,"case reporting, first case"
China,2020-01-12,contacts traced total
Thailand,2020-01-13,"first case, international traveller screening - risk countries"
Japan,2020-01-16,"case reporting, first case, source tracing"
China,2020-02-11,wild animal ban
China,2020-02-11,economic stimulus
China,2020-02-12,"public transport limitation lifted, social distancing"
China,2020-02-13,public mask and hygiene supply
China,2020-02-13,"general nonessential business suspension, school closure"
China,2020-02-13,school closure
China,2020-02-13,"blanket isolation - no symptoms, compulsory isolation"
China,2020-02-14,"compulsory isolation, domestic traveller quarantine"
Italy,2020-03-12,general nonessential business suspension
Italy,2020-03-12,general nonessential business suspension
Italy,2020-03-08,blanket curfew - no symptoms
Italy,2020-03-08,sports cancellation
Italy,2020-03-08,cultural activity limitation
Italy,2020-03-08,religious activity cancellation
Italy,2020-03-08,activity cancellation - other
Italy,2020-03-08,"school closure, university closure"
Czechia,2020-03-14,general nonessential business suspension
Czechia,2020-03-13,"confirmed case isolation, international traveller quarantine - risk countries"
Czechia,2020-03-14,"limited nonessential business suspension, restaurant limitations"
Czechia,2020-03-13,outbound traveller ban
Czechia,2020-03-12,"emergency declaration, special management arrangements"
China,2020-02-14,"contact tracing, phone based location tracing, public transport occupancy tracing"
China,2020-02-14,remote schooling - limited
China,2020-02-14,activity cancellation - other
China,2020-02-15,"blanket isolation - no symptoms, compulsory isolation"
China,2020-02-15,general nonessential business suspension
China,2020-02-15,"cash cleaning, public hygiene"
China,2020-02-16,"compulsory isolation, natural village quarantine"
China,2020-02-16,outdoor gatherings banned
China,2020-02-16,domestic travel resumed
China,2020-02-16,remote medical treatment
China,2020-02-16,"contact tracing, phone based location tracing, public transport occupancy tracing"
China,2020-02-16,"economic stimulus, encouraging symptomatic people to seek tests, financial incentive, testing"
China,2020-02-17,"blanket isolation - no symptoms, compulsory isolation"
China,2020-02-17,"domestic travel resumed, public transport resumed"
China,2020-02-18,"contact tracing, phone based location tracing, public transport occupancy tracing"
China,2020-02-18,business resumed
China,2020-02-18,"mandated remote schooling, remote schooling"
China,2020-02-19,domestic traveller screening
China,2020-02-19,"diagnostic criteria tightened, testing"
China,2020-02-19,public transport resumed
China,2020-02-19,domestic travel resumed
China,2020-02-19,general nonessential business suspension
China,2020-02-19,total vehicle ban
China,2020-02-20,domestic travel resumed
China,2020-02-20,encouraging symptomatic people to seek tests
China,2020-02-21,domestic travel resumed
China,2020-02-21,"diagnostic criteria tightened, epidemic data"
China,2020-02-21,"test contacts, test symptomatic"
China,2020-02-22,"compulsory isolation, confirmed case isolation, discharged patient isolation"
China,2020-02-25,"compulsory isolation, international traveller quarantine - risk countries"
Czechia,2020-03-10,"school closure, university closure"
China,2020-02-25,"test inpatients, test vulnerable, testing criteria loosened"
Australia,2020-02-01,international traveller quarantine - risk countries
China,2020-02-25,"compulsory isolation, international traveller quarantine - risk countries"
China,2020-02-26,"domestic traveller screening, test travellers"
Czechia,2020-03-10,international traveller screening - all countries
Czechia,2020-03-10,"social distancing, visiting in hospital banned"
Japan,2020-02-01,international travel ban - risk countries
Trinidad and Tobago,2020-02-01,international travel ban - risk countries
Czechia,2020-03-10,public announcement
Qatar,2020-02-03,international travel ban - risk countries
North Korea,2020-02-02,"cultural activity limitation, remote work"
New Zealand,2020-02-02,international travel ban - risk countries
North Korea,2020-02-02,"mandated remote work, remote work"
United States,2020-02-03,testing planned
China,2020-02-08,general nonessential business suspension
United States,2020-02-06,university closure
United States,2020-02-06,quarantine planned
Colombia,2020-02-05,testing commenced
Czechia,2020-03-10,outdoor gatherings banned
Romania,2020-01-22,hospital specialisation
France,2020-02-09,testing commenced
Romania,2020-03-16,"public announcement, special management arrangements, state of emergency"
Portugal,2020-03-15,"cultural activity limitation, limited nonessential business suspension, social distancing"
Spain,2020-03-09,"school closure, university closure"
France,2020-03-16,"school closure, university closure"
Belgium,2020-03-14,school closure
Belgium,2020-03-14,"cultural activity limitation, limited nonessential business suspension"
Belgium,2020-03-14,general nonessential business suspension
Belgium,2020-03-14,remote work
Luxembourg,2020-03-16,school closure
Portugal,2020-03-13,"school closure, university closure"
Albania,2020-03-16,"first case, school closure"
Andorra,2020-03-16,school closure
Spain,2020-03-14,"blanket isolation - no symptoms, general nonessential business suspension"
Spain,2020-03-14,general nonessential business suspension
Austria,2020-03-10,indoor gatherings banned
Austria,2020-03-10,international travel ban - risk countries
Austria,2020-03-10,"public announcement, social distancing"
Austria,2020-03-15,school closure
Austria,2020-03-17,school closure
Austria,2020-03-12,case reporting
Austria,2020-03-17,"limited nonessential business suspension, restaurant limitations"
Austria,2020-03-15,"outdoor gatherings banned, social distancing"
Austria,2020-03-15,blanket isolation - no symptoms
Azerbaijan,2020-02-28,"case reporting, first case, traveller testing"
Spain,2020-01-31,first case
Azerbaijan,2020-03-04,international travel ban - risk countries
Spain,2020-02-13,public announcement
Azerbaijan,2020-03-02,"school closure, university closure"
Azerbaijan,2020-02-28,international travel ban - risk countries
Spain,2020-03-11,"sports cancellation, very large event cancellation or postponement"
Spain,2020-02-12,very large event cancellation or postponement
Spain,2020-03-12,"sports cancellation, very large event cancellation or postponement"
Spain,2020-03-12,"sports cancellation, very large event cancellation or postponement"
Spain,2020-03-06,religious activity limitations
Spain,2020-03-10,international travel ban - risk countries
France,2020-02-28,event cancellation - other
Spain,2020-03-10,"school closure, university closure"
Spain,2020-03-11,"school closure, university closure"
France,2020-02-29,"sports cancellation, very large event cancellation or postponement"
France,2020-03-13,"sports cancellation, very large event cancellation or postponement"
France,2020-03-15,general nonessential business suspension
Belarus,2020-02-28,"case reporting, first case, traveller testing"
Belgium,2020-02-21,international traveller quarantine - risk countries
Belgium,2020-03-16,public announcement
Belgium,2020-01-29,"outbound traveller ban, public announcement"
Belgium,2020-02-04,"case reporting, first case"
Belgium,2020-02-01,"international traveller quarantine - risk countries, quarantine planned"
Belgium,2020-01-29,very large event cancellation or postponement
Belgium,2020-03-08,public announcement
Belarus,2020-03-16,case reporting
Belarus,2020-03-13,case reporting
Belarus,2020-03-04,case reporting
Belarus,2020-03-03,case reporting
Belgium,2020-03-12,"cultural activity limitation, limited nonessential business suspension, school closure"
Bosnia and Herzegovina,2020-03-10,outdoor gatherings banned
Bosnia and Herzegovina,2020-03-11,"school closure, university closure"
Bosnia and Herzegovina,2020-03-10,international travel ban - risk countries
Belgium,2020-02-25,public announcement
Belgium,2020-02-24,"case reporting, cohort isolation - no symptoms"
Bosnia and Herzegovina,2020-03-05,"case reporting, first case, traveller testing"
Belgium,2020-03-01,international traveller quarantine - risk countries
Belgium,2020-03-01,"case reporting, public announcement"
Bosnia and Herzegovina,2020-03-15,"general nonessential business suspension, restaurant limitations"
Bulgaria,2020-03-13,"general nonessential business suspension, school closure"
Bulgaria,2020-03-14,case reporting
Bulgaria,2020-03-13,"public announcement, special management arrangements"
Bulgaria,2020-03-08,"general nonessential business suspension, protective equipment supplies"
Bulgaria,2020-03-10,case reporting
Bosnia and Herzegovina,2020-03-12,limited nonessential business suspension
Bosnia and Herzegovina,2020-03-10,very large event cancellation or postponement
Bulgaria,2020-03-08,indoor gatherings banned
Bulgaria,2020-03-08,"case reporting, contact tracing, first case"
Denmark,2020-02-27,"case reporting, first case"
Bulgaria,2020-03-10,"public announcement, research"
Estonia,2020-02-27,"case reporting, first case"
Denmark,2020-03-13,remote schooling
Denmark,2020-03-13,"cultural activity limitation, school closure, university closure"
Denmark,2020-03-16,school closure
Denmark,2020-03-13,"general nonessential business suspension, mandated remote work, remote work"
Cyprus,2020-03-09,"case reporting, first case"
Croatia,2020-02-25,"case reporting, first case"
Bulgaria,2020-03-10,"public hygiene, public transport cleaning"
Finland,2020-03-16,"school closure, university closure"
Finland,2020-03-16,"public announcement, special management arrangements"
Finland,2020-01-27,outbound travel warning
Estonia,2020-03-17,international travel ban - all countries
Estonia,2020-03-13,international traveller screening - risk countries
Estonia,2020-03-13,"school closure, university closure"
Estonia,2020-03-13,"outdoor gatherings banned, sports cancellation"
Finland,2020-01-28,"case reporting, first case, traveller testing"
Finland,2020-01-27,"general nonessential business suspension, outbound travel warning"
Estonia,2020-03-13,"public announcement, special management arrangements"
Georgia,2020-02-26,"case reporting, first case"
Finland,2020-03-16,international traveller quarantine - all countries
Finland,2020-03-16,"isolation advice to elderly, outdoor gatherings banned"
Finland,2020-03-16,treatment capacity
Finland,2020-03-16,hospital specialisation
Finland,2020-03-16,limited nonessential business suspension
Georgia,2020-01-27,international travel ban - risk countries
Georgia,2020-01-27,international traveller screening - risk countries
Georgia,2020-01-27,international travel ban - risk countries
Finland,2020-03-16,treatment capacity
France,2020-03-15,"outdoor gatherings banned, social distancing"
Hungary,2020-03-17,"sports cancellation, very large event cancellation or postponement"
Hungary,2020-03-07,cultural activity limitation
France,2020-03-16,international traveller screening - risk countries
France,2020-03-17,"blanket isolation - no symptoms, compulsory isolation"
France,2020-03-15,"public announcement, public transport limited"
France,2020-03-16,"army deployed, hospital specialisation, treatment capacity"
Hungary,2020-03-06,international travel ban - risk countries
Spain,2020-03-17,international travel ban - all countries
Hungary,2020-03-11,"public announcement, special management arrangements, state of emergency"
Hungary,2020-03-07,"hospital construction, treatment capacity"
Hungary,2020-03-09,international travel ban - risk countries
Hungary,2020-01-27,international traveller quarantine - risk countries
Hungary,2020-03-11,"public hygiene, public transport cleaning"
Hungary,2020-03-16,"nursery school closure, school closure"
Hungary,2020-03-08,visiting in hospital banned
Hungary,2020-03-13,"public hygiene, public transport limited"
Hungary,2020-03-07,very large event cancellation or postponement
Hungary,2020-03-16,"limited nonessential business suspension, sports cancellation"
Estonia,2020-02-27,"case reporting, first case"
Hungary,2020-03-17,international travel ban - all countries
Hungary,2020-03-16,public transport limited
Hungary,2020-03-16,looking for children
Latvia,2020-03-14,outdoor gatherings banned
Latvia,2020-03-13,"remote schooling, school closure, university closure"
Lithuania,2020-03-12,outdoor gatherings banned
Luxembourg,2020-03-16,"nursery school closure, school closure, university closure"
Lithuania,2020-03-16,outdoor gatherings banned
Lithuania,2020-03-16,international travel ban - all countries
Lithuania,2020-03-12,"nursery school closure, school closure, university closure"
Greece,2020-03-09,"social distancing, sports cancellation"
Moldova,2020-03-11,"nursery school closure, school closure, university closure"
Malta,2020-03-13,"nursery school closure, school closure, university closure"
Monaco,2020-03-16,"nursery school closure, school closure, university closure"
Greece,2020-02-26,"case reporting, first case"
Luxembourg,2020-03-13,outdoor gatherings banned
Georgia,2020-03-16,international travel ban - all countries
Greece,2020-03-09,activity cancellation - other
Greece,2020-03-09,school closure
Greece,2020-03-13,hygiene enforcement
Malta,2020-03-17,limited nonessential business suspension
Moldova,2020-03-17,"domestic travel ban, international travel ban - all countries"
Georgia,2020-03-16,information sms
Georgia,2020-03-16,outdoor gatherings banned
Moldova,2020-03-17,general nonessential business suspension
Netherlands,2020-03-12,outdoor gatherings banned
Netherlands,2020-02-27,"case reporting, first case"
Greece,2020-03-12,"limited nonessential business suspension, sports cancellation"
Greece,2020-03-13,general nonessential business suspension
Iceland,2020-02-28,"case reporting, first case"
Netherlands,2020-03-13,international travel ban - risk countries
Greece,2020-03-16,cluster isolation - no symptoms
Iceland,2020-03-02,outbound travel warning
Iceland,2020-03-16,activity cancellation - other
Iceland,2020-03-16,"school closure, university closure"
Guernsey,2020-03-09,"case reporting, first case"
Greece,2020-03-16,international travel ban - risk countries
Greece,2020-03-14,international travel ban - risk countries
Greece,2020-03-14,sports cancellation
Greece,2020-03-10,"school closure, university closure"
Netherlands,2020-03-15,"nursery school closure, school closure"
Netherlands,2020-03-12,university closure
Macedonia,2020-02-26,"case reporting, first case"
Macedonia,2020-03-13,international travel ban - risk countries
Latvia,2020-03-13,outdoor gatherings banned
Netherlands,2020-03-15,limited nonessential business suspension
Iceland,2020-03-13,public announcement
Iceland,2020-03-16,"school closure, university closure"
Iceland,2020-03-13,outdoor gatherings banned
Portugal,2020-03-14,general nonessential business suspension
Macedonia,2020-03-10,"school closure, university closure"
Latvia,2020-03-02,"case reporting, first case"
Iceland,2020-03-13,social distancing
Ireland,2020-02-29,"case reporting, first case"
Lithuania,2020-02-28,"case reporting, first case"
Lithuania,2020-03-12,"closure nonessential stores, limited nonessential business suspension, social distancing"
Ireland,2020-03-01,cohort isolation - no symptoms
Ireland,2020-03-10,remote schooling
Ireland,2020-03-09,sports cancellation
Vatican City,2020-03-10,"blanket isolation - no symptoms, religious activity limitations, social distancing"
Ireland,2020-03-15,limited nonessential business suspension
Ireland,2020-03-10,international travel ban - risk countries
Ireland,2020-03-12,"outdoor gatherings banned, sports cancellation"
Ireland,2020-03-07,very large event cancellation or postponement
Ireland,2020-03-12,"nursery school closure, school closure, university closure"
Ireland,2020-03-15,"compulsory isolation, social distancing"
Jersey,2020-03-10,"case reporting, first case"
Kosovo,2020-03-13,"case reporting, first case"
Kazakhstan,2020-03-13,"case reporting, first case"
Kosovo,2020-03-15,"public announcement, special management arrangements"
Kosovo,2020-03-13,domestic travel ban
Kazakhstan,2020-03-17,very large event cancellation or postponement
Poland,2020-02-19,contacts traced total
Turkey,2020-03-17,limited nonessential business suspension
Turkey,2020-03-16,sports cancellation
US: Florida,2020-03-10,"remote schooling, university closure"
Ukraine,2020-03-17,public transport stopped
Turkey,2020-03-16,religious activity cancellation
Turkey,2020-03-16,"nursery school closure, school closure"
Turkey,2020-03-16,university closure
Ukraine,2020-03-17,limited nonessential business suspension
Portugal,2020-03-14,sports cancellation
Poland,2020-03-12,"nursery school closure, school closure, university closure"
Ukraine,2020-03-12,"nursery school closure, school closure, university closure"
Ukraine,2020-03-17,"cultural activity limitation, outdoor gatherings banned, religious activity cancellation, social distancing, sports cancellation"
Portugal,2020-03-16,school closure
Ukraine,2020-03-17,remote work
Ukraine,2020-03-17,public transport limited
Portugal,2020-03-13,international travel ban - risk countries
Portugal,2020-03-02,first case
Slovakia,2020-03-14,general nonessential business suspension
Moldova,2020-03-07,"case reporting, first case"
Poland,2020-03-14,international travel ban - all countries
Poland,2020-03-14,limited nonessential business suspension
United States,2020-03-16,outdoor gatherings banned
Slovakia,2020-03-16,"public announcement, public hygiene, public mask encouragement"
United States,2020-03-16,blanket isolation - no symptoms
Portugal,2020-03-16,international travel ban - risk countries
Moldova,2020-03-10,international travel ban - all countries
Malta,2020-03-13,outdoor gatherings banned
Malta,2020-03-07,"case reporting, first case"
Slovakia,2020-03-12,"emergency declaration, state of emergency"
Slovakia,2020-03-13,"international traveller quarantine - risk countries, quarantine zone"
Slovakia,2020-03-13,international travel ban - all countries
Poland,2020-03-15,religious activity limitations
Ukraine,2020-03-12,social distancing
Lithuania,2020-03-16,general nonessential business suspension
Slovakia,2020-03-16,"cultural activity limitation, religious activity cancellation, sports cancellation, visiting in hospital banned"
Poland,2020-03-04,first case
Poland,2020-03-15,outdoor gatherings banned
Slovakia,2020-03-06,"case reporting, first case"
Serbia,2020-03-16,"nursery school closure, school closure, university closure"
Slovakia,2020-03-16,"nursery school closure, school closure, university closure"
Switzerland,2020-03-13,"nursery school closure, school closure, university closure"
Switzerland,2020-02-25,"case reporting, first case"
Switzerland,2020-03-13,outdoor gatherings banned
Switzerland,2020-02-28,outdoor gatherings banned
Norway,2020-03-12,"closure nonessential stores, limited nonessential business suspension"
Norway,2020-03-12,"nursery school closure, school closure, university closure"
Norway,2020-03-16,international travel ban - all countries
Romania,2020-03-08,outdoor gatherings banned
Romania,2020-03-11,indoor gatherings banned
Romania,2020-02-21,international traveller quarantine - risk countries
Romania,2020-03-02,international traveller quarantine - risk countries
Norway,2020-03-12,outdoor gatherings banned
Montenegro,2020-03-17,"case reporting, first case"
Switzerland,2020-03-13,international travel ban - risk countries
Norway,2020-03-13,international travel ban - all countries
Norway,2020-03-10,"case reporting, community spread"
Montenegro,2020-03-17,public transport stopped
Monaco,2020-02-29,"case reporting, first case"
Switzerland,2020-03-16,general nonessential business suspension
Romania,2020-03-09,international travel ban - risk countries
Romania,2020-02-28,religious activity limitations
Norway,2020-02-26,"case reporting, first case"
Germany,2020-03-13,"nursery school closure, school closure"
Czechia,2020-03-01,"case reporting, first case"
Czechia,2020-03-05,"event cancellation - other, very large event cancellation or postponement"
US: Florida,2020-03-15,activity cancellation - other
Czechia,2020-03-08,"contact isolation - symptoms, remote medical treatment, remote medical treatment - symptomatic"
Germany,2020-03-16,international travel ban - all countries
Czechia,2020-03-03,prohibition of medicine export
Czechia,2020-03-04,public hygiene
Romania,2020-02-26,coronavirus education activities
Czechia,2020-03-05,international travel ban - risk countries
Czechia,2020-03-05,prohibition of medicine export
Iran,2020-03-06,"school closure, university closure"
Germany,2020-03-16,general nonessential business suspension
Germany,2020-03-17,outbound traveller ban
Germany,2020-03-17,domestic travel limitation
Germany,2020-03-16,"emergency declaration, special management arrangements, state of emergency"
Germany,2020-03-14,limited nonessential business suspension
Serbia,2020-03-18,international travel ban - all countries
Serbia,2020-03-15,"emergency declaration, state of emergency"
Czechia,2020-03-10,visiting in hospital banned
Montenegro,2020-03-17,limited nonessential business suspension
Serbia,2020-03-12,indoor gatherings banned
Serbia,2020-03-18,"blanket curfew - no symptoms, elderly"
Czechia,2020-02-07,public facility cleaning
Czechia,2020-03-16,international travel ban - all countries
Czechia,2020-02-03,international travel ban - risk countries
Czechia,2020-02-26,international traveller screening - risk countries
Czechia,2020-02-25,outbound travel warning
Czechia,2020-03-19,hygiene enforcement
Czechia,2020-03-17,prohibition of medicine export
Czechia,2020-03-16,public announcement
Czechia,2020-03-16,business resumed
Czechia,2020-03-16,"domestic travel ban, social distancing"
Czechia,2020-01-27,hygiene enforcement
Czechia,2020-01-30,public announcement
Czechia,2020-01-31,international traveller screening - all countries
Czechia,2020-02-13,public announcement
Czechia,2020-02-24,public announcement
Czechia,2020-02-27,"public announcement, special management arrangements"
Czechia,2020-03-19,hygiene enforcement
Czechia,2020-03-19,domestic travel limitation
Albania,2020-03-08,case reporting
US: Florida,2020-03-23,"remote schooling, university closure"
US: Florida,2020-03-11,"remote schooling, university closure"
Portugal,2020-03-19,state of emergency
Australia,2020-03-15,international traveller quarantine - all countries
Australia,2020-03-15,outdoor gatherings banned
Australia,2020-03-20,international travel ban - all countries
Germany,2020-03-18,"coronavirus education activities, public announcement, social distancing advice"
Russia,2020-03-17,sports cancellation
Russia,2020-03-20,international travel ban - risk countries
Russia,2020-03-16,international travel ban - risk countries
Russia,2020-03-12,outdoor gatherings banned
Russia,2020-03-10,outdoor gatherings banned
Belgium,2020-03-18,blanket isolation - no symptoms
Russia,2020-02-03,international travel ban - risk countries
Russia,2020-03-18,international travel ban - all countries
Russia,2020-03-17,religious activity limitations
Russia,2020-03-23,school closure
Romania,2020-03-11,school closure
Romania,2020-02-26,first case
Russia,2020-03-13,outdoor gatherings banned
Russia,2020-03-13,international travel ban - risk countries
Russia,2020-03-04,prohibition of medicine export
Russia,2020-03-01,international travel ban - risk countries
Russia,2020-02-28,international travel ban - risk countries
Russia,2020-03-16,school closure
Russia,2020-03-16,outdoor gatherings banned
Russia,2020-03-16,international traveller quarantine - risk countries
Russia,2020-03-13,outdoor gatherings banned
Russia,2020-03-15,international travel ban - risk countries
Romania,2020-03-14,outdoor gatherings banned
Romania,2020-03-12,prohibition of medicine export
Romania,2020-03-10,international travel ban - risk countries
Romania,2020-03-16,state of emergency
Russia,2020-01-31,first case
Germany,2020-02-28,international traveller screening - risk countries
Iran,2020-03-16,religious activity cancellation
US:N Carolina,2020-03-14,outdoor gatherings banned
US:N Carolina,2020-03-14,"remote schooling, school closure"
US: Arizona,2020-03-11,"public announcement, state of emergency"
US: Oregon,2020-03-11,outdoor gatherings banned
US: Oregon,2020-03-11,"public announcement, state of emergency"
US: Arizona,2020-03-15,"school closure, university closure"
US: Arizona,2020-03-13,school closure
US: Arizona,2020-03-12,"activity cancellation - other, school closure"
US: Oregon,2020-03-16,outdoor gatherings banned
US: Oregon,2020-03-17,ban on visit to nursing homes
US: Oregon,2020-03-16,restaurant limitations
US: Oregon,2020-03-18,"school closure, university closure"
US: Oregon,2020-03-11,"school closure, university closure"
US:California,2020-03-12,"outdoor gatherings banned, public hygiene"
US:California,2020-03-12,outdoor gatherings banned
US: Nevada,2020-03-17,"public announcement, state of emergency"
US:California,2020-03-04,"public announcement, state of emergency"
US:California,2020-03-12,outdoor gatherings banned
US:California,2020-03-12,"public announcement, state of emergency"
US:Idaho,2020-03-13,"public announcement, state of emergency"
US:Utah,2020-03-18,limited nonessential business suspension
US: Nevada,2020-03-17,general nonessential business suspension
US:Utah,2020-03-18,"limited nonessential business suspension, restaurant limitations"
US:Utah,2020-03-13,school closure
US:California,2020-03-13,school closure
US:California,2020-02-22,blanket isolation - no symptoms
US:California,2020-03-15,confirmed case isolation
US:California,2020-03-15,"limited nonessential business suspension, restaurant limitations"
US:Washington,2020-03-15,outdoor gatherings banned
US:Washington,2020-03-18,"hospital construction, hospital specialisation"
US:Washington,2020-03-15,"limited nonessential business suspension, restaurant limitations"
US:Washington,2020-03-11,"hygiene enforcement, public hygiene, public transport cleaning"
US:Washington,2020-03-11,outdoor gatherings banned
US:Washington,2020-03-13,school closure
US:Washington,2020-03-10,testing
US:Washington,2020-02-29,"public announcement, state of emergency"
US: Nevada,2020-03-16,school closure
Italy,2020-02-22,"limited nonessential business suspension, outdoor gatherings banned"
Italy,2020-01-31,"public announcement, special management arrangements, state of emergency"
Italy,2020-01-31,international travel ban - risk countries
Italy,2020-01-31,international traveller screening - all countries
Italy,2020-02-22,"cluster isolation - no symptoms, compulsory isolation"
Italy,2020-02-22,school closure
Italy,2020-02-22,phone line
Italy,2020-02-22,domestic travel limitation
Italy,2020-02-22,religious activity cancellation
Italy,2020-02-06,case reporting
Italy,2020-01-31,case reporting
Iran,2020-02-23,"school closure, university closure"
Iran,2020-03-09,prisoner release
Iran,2020-03-03,prisoner release
Iran,2020-03-17,prisoner release
Italy,2020-02-22,sports cancellation
Italy,2020-02-23,university closure
US: S Carolina,2020-03-21,public green closure
Turkey,2020-03-19,cultural activity limitation
Italy,2020-02-22,phone line
Italy,2020-02-22,activity cancellation - other
Italy,2020-02-22,very large event cancellation or postponement
US: S Carolina,2020-03-19,"mandated remote schooling, university closure"
Switzerland,2020-03-16,"army deployed, general nonessential business suspension, public announcement, state of emergency"
US:California,2020-03-03,confirmed case isolation
US:California,2020-01-25,confirmed case isolation
US:Washington,2020-03-05,"medical aid, medical staff protective equipment"
US:California,2020-03-02,confirmed case isolation
US:California,2020-02-02,confirmed case isolation
US:California,2020-01-31,confirmed case isolation
US: S Carolina,2020-03-19,"limited nonessential business suspension, mandated remote work, remote work"
US:California,2020-03-02,confirmed case isolation
US:Washington,2020-03-09,test vulnerable
US:Washington,2020-03-09,unemployment benefits extension
US:Washington,2020-03-17,evictions prohibited
US:Washington,2020-03-16,shopping vouchers
US: S Carolina,2020-03-17,outdoor gatherings banned
Italy,2020-02-23,international traveller screening - risk countries
Italy,2020-02-24,remote work - limited
Italy,2020-02-24,very large event cancellation or postponement
Italy,2020-02-24,public announcement
Italy,2020-02-24,expansion of testing facilities
Italy,2020-02-24,domestic traveller quarantine
Italy,2020-02-24,phone line
Italy,2020-02-24,"cluster isolation - no symptoms, compulsory isolation"
Italy,2020-02-23,"public mask and hygiene supply, public transport cleaning"
Italy,2020-02-25,public facility temperature screening
Italy,2020-02-25,domestic travel limitation
Italy,2020-02-25,activity cancellation - other
United States,2020-02-25,international travel ban - risk countries
Italy,2020-02-24,quaratine violation
Italy,2020-02-24,court cancellation
Italy,2020-02-25,school closure - limited
Italy,2020-02-24,"school closure, university closure"
Italy,2020-02-25,sports cancellation
US: S Carolina,2020-03-17,financial incentive
US: S Carolina,2020-03-17,restaurant limitations
Spain,2020-03-14,"closure nonessential stores, general nonessential business suspension, public announcement, special management arrangements, state of emergency"
Austria,2020-03-10,university closure
Latvia,2020-03-14,symptom hotline
Latvia,2020-03-14,international traveller screening - risk countries
US: S Carolina,2020-03-16,sports cancellation
US: S Carolina,2020-03-15,school closure
US: S Carolina,2020-03-13,school closure
US: S Carolina,2020-03-13,"public announcement, state of emergency"
Germany,2020-01-28,international travel ban - risk countries
Germany,2020-01-29,international traveller screening - risk countries
Germany,2020-01-28,"coronavirus education activities, phone line"
Germany,2020-02-28,domestic traveller screening
Germany,2020-03-04,"medical staff protective equipment, prohibition of medicine export"
Germany,2020-03-09,social distancing advice
Germany,2020-03-09,outdoor gatherings banned
Germany,2020-02-28,activity cancellation - other
Germany,2020-03-10,outdoor gatherings banned
Germany,2020-03-12,"public announcement, social distancing advice"
Germany,2020-03-12,treatment capacity
Germany,2020-03-13,economic stimulus
Germany,2020-03-20,blanket curfew - no symptoms
Germany,2020-03-17,international travel ban - all countries
Germany,2020-03-17,treatment capacity
Germany,2020-03-22,"outdoor gatherings banned, space minimum"
Germany,2020-03-22,blanket curfew - no symptoms
Italy,2020-02-25,price gouging ban
Italy,2020-02-25,event cancellation - other
Italy,2020-02-25,remote work - limited
Italy,2020-02-25,remote schooling
Italy,2020-02-26,activity cancellation - other
Italy,2020-02-26,public facility temperature screening
Italy,2020-02-26,school closure
Italy,2020-03-02,remote schooling
Italy,2020-02-26,test symptomatic
Italy,2020-03-02,remote schooling
Italy,2020-02-26,activity cancellation - other
Italy,2020-02-26,event cancellation - other
Italy,2020-02-26,school closure
Italy,2020-02-26,school closure
Italy,2020-02-26,event cancellation - other
Italy,2020-02-26,remote schooling - limited
Italy,2020-02-22,university closure
Italy,2020-03-01,"cluster isolation - no symptoms, public announcement"
Italy,2020-02-28,test contacts
Italy,2020-02-27,"case reporting, diagnostic criteria tightened"
Italy,2020-02-29,school closure
Italy,2020-03-07,outbound traveller ban
Italy,2020-03-07,blanket isolation - no symptoms
Italy,2020-03-04,"school closure, university closure"
Italy,2020-03-05,public announcement
Italy,2020-03-04,sports cancellation
Italy,2020-03-16,domestic travel ban
Italy,2020-03-15,cluster isolation - no symptoms
Italy,2020-03-20,"blanket isolation - no symptoms, compulsory isolation, domestic travel ban, outdoor gatherings banned, public green closure, sports cancellation"
Italy,2020-03-19,army deployed
Italy,2020-03-11,general nonessential business suspension
Italy,2020-03-11,"economic incentives, financial incentive"
Italy,2020-03-09,sports cancellation
Italy,2020-03-07,"religious activity cancellation, religious activity limitations"
Italy,2020-03-07,"cultural activity limitation, limited nonessential business suspension"
Italy,2020-03-07,limited nonessential business suspension
Italy,2020-03-08,"prisons closed to visitors, riots"
Austria,2020-02-25,"case reporting, first case"
Austria,2020-03-13,outbound traveller ban
Austria,2020-03-01,source tracing
Italy,2020-03-07,sports cancellation
Albania,2020-03-10,domestic travel ban
Albania,2020-03-08,international traveller quarantine - risk countries
Albania,2020-03-08,"outdoor gatherings banned, sports cancellation"
Albania,2020-03-08,school closure
Albania,2020-03-08,international travel ban - risk countries
Albania,2020-02-25,public announcement
Albania,2020-02-25,financial incentive
Albania,2020-02-25,public announcement
Albania,2020-03-10,financial incentive
Albania,2020-03-10,retired doctors called
Austria,2020-03-16,household quarantine
Albania,2020-03-10,international traveller quarantine - risk countries
Albania,2020-03-10,"limited nonessential business suspension, restaurant limitations"
Albania,2020-03-10,public transport cleaning
Albania,2020-03-10,isolation allowance
Albania,2020-03-12,compulsory isolation
Albania,2020-03-12,public transport limited
Albania,2020-03-11,religious activity cancellation
Albania,2020-03-11,public announcement
Albania,2020-03-12,mandated remote work
Albania,2020-03-12,financial incentive
Albania,2020-03-12,international travel ban - risk countries
Albania,2020-03-13,"blanket curfew - no symptoms, domestic travel ban"
Albania,2020-03-12,"religious activity cancellation, religious activity limitations"
Albania,2020-03-12,sports cancellation
Albania,2020-03-15,international travel ban - all countries
Albania,2020-03-13,international travel ban - risk countries
Albania,2020-03-12,limited nonessential business suspension
Albania,2020-03-12,restaurant limitations
Albania,2020-03-12,public transport stopped
Albania,2020-03-12,restaurant limitations
Albania,2020-03-15,remote schooling
Albania,2020-03-16,compulsory isolation
Andorra,2020-03-12,case reporting
Andorra,2020-03-02,case reporting
Albania,2020-03-15,"limited nonessential business suspension, public green closure"
Albania,2020-03-15,international travel ban - risk countries
Albania,2020-03-16,outdoor gatherings banned
Albania,2020-03-16,international travel ban - all countries
Albania,2020-03-15,domestic travel limitation
Andorra,2020-03-13,general nonessential business suspension
Andorra,2020-03-15,case reporting
Andorra,2020-03-16,school closure
Russia,2020-01-30,international travel ban - risk countries
Belarus,2020-03-21,case reporting
Belarus,2020-03-20,case reporting
Belarus,2020-03-18,case reporting
Andorra,2020-03-17,"case reporting, public announcement"
US: S Carolina,2020-03-12,sports cancellation
US: S Carolina,2020-03-12,sports cancellation
Bosnia and Herzegovina,2020-03-24,international travel ban - all countries
Bosnia and Herzegovina,2020-03-18,"general nonessential business suspension, outdoor gatherings banned, restaurant limitations"
Bosnia and Herzegovina,2020-03-15,international travel ban - risk countries
US: Florida,2020-03-16,sports cancellation
US: Florida,2020-03-12,sports cancellation
US: Florida,2020-03-12,"remote schooling, university closure"
Mexico,2020-03-11,"confirmed case isolation, contact isolation - no symptoms"
Mexico,2020-03-13,sports cancellation
Mexico,2020-03-14,sports cancellation
Mexico,2020-03-20,school closure
Mexico,2020-03-17,"remote schooling, university closure"
Mexico,2020-03-18,"special management arrangements, state of emergency"
Mexico,2020-03-21,cultural activity limitation
Mexico,2020-03-15,sports cancellation
Mexico,2020-03-19,international traveller screening - all countries
Mexico,2020-03-17,hospital construction
Mexico,2020-03-17,outdoor gatherings banned
Mexico,2020-03-23,social distancing advice
Bulgaria,2020-03-18,international travel ban - risk countries
Croatia,2020-03-17,"general nonessential business suspension, restaurant limitations"
Croatia,2020-03-02,very large event cancellation or postponement
Croatia,2020-03-11,very large event cancellation or postponement
Croatia,2020-03-16,school closure
Croatia,2020-03-13,remote schooling
Croatia,2020-03-14,price ban
Croatia,2020-03-20,remote cultural content
Croatia,2020-03-18,remote cultural content
Bulgaria,2020-03-21,"medical aid, medical staff protective equipment"
Bulgaria,2020-03-20,case reporting
Croatia,2020-03-11,very large event cancellation or postponement
Bulgaria,2020-03-19,case reporting
Bulgaria,2020-03-17,blanket isolation - no symptoms
Bulgaria,2020-03-16,hygiene enforcement
Croatia,2020-03-19,cultural activity limitation
Croatia,2020-03-11,"public hygiene, religious activity limitations"
Bulgaria,2020-03-21,prohibition of medicine export
Bulgaria,2020-03-21,medical aid
US: Florida,2020-03-17,school closure
US: Florida,2020-03-17,restaurant limitations
US: Florida,2020-03-01,"public announcement, state of emergency"
Egypt,2020-01-26,international travel ban - risk countries
Egypt,2020-03-19,"international travel ban - all countries, outbound traveller ban"
Egypt,2020-03-13,cohort isolation - no symptoms
Egypt,2020-03-20,"international traveller quarantine - risk countries, voluntary isolation"
Egypt,2020-03-17,prohibition of medicine export
Egypt,2020-03-15,school closure
Egypt,2020-03-19,hygiene enforcement
Egypt,2020-03-17,cultural activity limitation
Egypt,2020-03-08,international traveller screening - risk countries
Egypt,2020-03-13,international travel ban - risk countries
Egypt,2020-03-17,economic stimulus
Egypt,2020-03-19,"domestic travel ban, public facility cleaning"
Egypt,2020-03-21,religious activity limitations
Egypt,2020-03-19,restaurant limitations
Palestine,2020-03-22,blanket curfew - no symptoms
US:Georgia,2020-03-18,school closure
US:Georgia,2020-03-12,"public announcement, state of emergency"
US:N Carolina,2020-03-20,army deployed
US:Georgia,2020-03-20,outdoor gatherings banned
US:Georgia,2020-03-20,blanket curfew - no symptoms
US:Georgia,2020-03-20,"limited nonessential business suspension, restaurant limitations"
US:Georgia,2020-03-15,outdoor gatherings banned
US:N Carolina,2020-03-10,"public announcement, state of emergency"
US:N Carolina,2020-03-12,sports cancellation
US:N Carolina,2020-03-20,"remote schooling, university closure"
US:N Carolina,2020-03-17,"public announcement, restaurant limitations"
US:N Carolina,2020-03-19,financial incentive
US:Georgia,2020-03-20,social distancing
US:Georgia,2020-03-16,"remote schooling, university closure"
US:Georgia,2020-03-16,"remote schooling, school closure"
US:Georgia,2020-03-09,quarantine centre
US:Georgia,2020-03-20,sports cancellation
Slovakia,2020-03-18,"public announcement, public hygiene"
Slovakia,2020-03-19,international traveller quarantine - risk countries
Croatia,2020-03-16,religious activity cancellation
Croatia,2020-03-20,religious activity limitations
Croatia,2020-03-11,sports cancellation
Croatia,2020-03-11,sports cancellation
Croatia,2020-03-13,sports cancellation
Croatia,2020-03-12,"sports cancellation, very large event cancellation or postponement"
Croatia,2020-03-14,international travel ban - risk countries
Croatia,2020-03-13,international traveller quarantine - risk countries
Croatia,2020-03-15,international traveller quarantine - all countries
Croatia,2020-03-02,international travel ban - risk countries
Croatia,2020-03-11,domestic travel limitation
Croatia,2020-03-18,international travel ban - all countries
Croatia,2020-03-21,domestic travel ban
Greece,2020-03-18,financial incentive
Croatia,2020-03-19,"airport closure, case reporting"
Denmark,2020-03-11,medical aid
Denmark,2020-03-06,new testing method commenced
Denmark,2020-02-25,"testing, testing planned"
Denmark,2020-03-17,medical aid
Denmark,2020-02-29,contact isolation
Denmark,2020-03-11,outdoor gatherings banned
Denmark,2020-03-11,new testing method commenced
Denmark,2020-03-06,sports cancellation
Denmark,2020-03-12,indoor gatherings banned
Denmark,2020-03-18,"compulsory isolation, outdoor gatherings banned"
Denmark,2020-03-10,public hygiene
Denmark,2020-03-18,"limited nonessential business suspension, restaurant limitations, space minimum"
Denmark,2020-03-11,international travel ban - risk countries
Denmark,2020-03-14,international travel ban - all countries
Greece,2020-03-18,international traveller quarantine - risk countries
Greece,2020-03-19,financial incentive
Estonia,2020-03-17,international travel ban - all countries
Singapore,2020-03-20,"compulsory isolation, international traveller quarantine - all countries"
Singapore,2020-03-13,"compulsory isolation, international traveller quarantine - risk countries"
Singapore,2020-03-13,outdoor gatherings banned
Singapore,2020-02-01,international travel ban - risk countries
Singapore,2020-02-26,international travel ban - risk countries
Singapore,2020-03-04,international travel ban - risk countries
Singapore,2020-03-15,international travel ban - risk countries
Singapore,2020-01-23,confirmed case isolation
Singapore,2020-01-23,"contact isolation - no symptoms, contact tracing"
Singapore,2020-01-27,international traveller screening - all countries
US:Maryland,2020-03-12,outdoor gatherings banned
US: Indiana,2020-03-06,first case
US:Maryland,2020-03-16,school closure
Singapore,2020-01-29,international travel ban - risk countries
Singapore,2020-02-02,"elderly, outdoor gatherings banned"
Singapore,2020-02-07,activity cancellation - other
Singapore,2020-02-09,university closure
Singapore,2020-01-27,quarantine zone
Singapore,2020-01-28,"contact isolation - no symptoms, contacts traced total"
Singapore,2020-02-17,compulsory isolation
Singapore,2020-02-26,international traveller quarantine - risk countries
South Korea,2020-03-23,"test travellers, testing criteria loosened"
South Korea,2020-03-14,phone based location tracing
South Korea,2020-03-15,public announcement
South Korea,2020-03-23,"public mask encouragement, public transport cleaning"
South Korea,2020-03-17,international traveller quarantine - all countries
South Korea,2020-03-12,public mask encouragement
US:Maryland,2020-03-15,"remote schooling, university closure"
South Korea,2020-02-04,"handwashing encouragement, medical staff protective equipment, public announcement"
South Korea,2020-03-11,public mask and hygiene supply
US:Delaware,2020-03-13,school closure
US:Delaware,2020-03-13,"remote schooling, university closure"
US:Maryland,2020-03-05,first case
US:Maryland,2020-03-05,"public announcement, state of emergency"
US: Illinois,2020-03-21,domestic travel limitation
US:Maryland,2020-01-24,testing commenced
US:Delaware,2020-03-24,general nonessential business suspension
US:Delaware,2020-03-16,restaurant limitations
US:Delaware,2020-03-16,sports cancellation
US: Illinois,2020-03-15,restaurant limitations
US: Illinois,2020-03-13,"nursery school closure, school closure"
US:Delaware,2020-03-12,sports cancellation
US: Illinois,2020-03-16,outdoor gatherings banned
US:Maryland,2020-03-30,coronavirus education activities
US: Illinois,2020-01-24,first case
US: Wisconsin,2020-03-12,"emergency declaration, state of emergency"
US: Wisconsin,2020-03-17,outdoor gatherings banned
South Korea,2020-03-11,quarantine zone
US: Wisconsin,2020-03-13,school closure
US: Wisconsin,2020-03-17,"limited nonessential business suspension, restaurant limitations"
US: Wisconsin,2020-03-18,religious activity cancellation
US: Wisconsin,2020-03-20,"general nonessential business suspension, limited nonessential business suspension"
US: Wisconsin,2020-02-05,first case
US:Delaware,2020-03-12,"remote schooling, university closure"
US: Virginia,2020-03-12,sports cancellation
US: Virginia,2020-03-16,sports cancellation
South Korea,2020-03-11,hospital specialisation
South Korea,2020-03-18,healthcare entry screening
South Korea,2020-03-18,"healthcare entry screening, hospital specialisation"
US: Virginia,2020-03-13,school closure
US: Virginia,2020-03-11,outdoor gatherings banned
US: Virginia,2020-03-17,outdoor gatherings banned
Greece,2020-03-22,"domestic travel limitation, public transport limited"
Greece,2020-03-23,"blanket curfew - no symptoms, domestic travel ban"
US:Delaware,2020-03-12,outdoor gatherings banned
US: Illinois,2020-03-17,school closure
Greece,2020-03-22,limited nonessential business suspension
US:Delaware,2020-03-12,"public announcement, state of emergency"
US: Virginia,2020-03-20,army deployed
US: Virginia,2020-03-07,first case
US: Virginia,2020-03-12,school closure
US: Virginia,2020-03-19,"remote schooling, university closure"
US: Virginia,2020-03-12,"public announcement, state of emergency"
US:Delaware,2020-03-11,first case
Greece,2020-03-20,domestic travel ban
Greece,2020-03-19,international traveller quarantine - all countries
Greece,2020-03-19,financial incentive
US:Delaware,2020-03-04,coronavirus education activities
US: Illinois,2020-03-21,general nonessential business suspension
US: Illinois,2020-03-21,"blanket curfew - no symptoms, social distancing"
US: Illinois,2020-03-21,outdoor gatherings banned
US:Delaware,2020-03-13,very large event cancellation or postponement
US: Indiana,2020-03-16,restaurant limitations
US: Indiana,2020-03-25,general nonessential business suspension
US: Indiana,2020-03-19,"nursery school closure, school closure"
US:Maryland,2020-03-16,school closure
US:Maryland,2020-03-05,army deployed
US:Maryland,2020-03-12,religious activity limitations
US:Maryland,2020-03-12,prisons closed to visitors
US: Indiana,2020-03-17,outdoor gatherings banned
US:Maryland,2020-03-12,mandated remote work
US:Maryland,2020-03-15,contact tracing
US:Maryland,2020-03-16,general nonessential business suspension
US:Maryland,2020-03-12,sports cancellation
US:Maryland,2020-03-14,social distancing
US:Maryland,2020-03-16,"limited nonessential business suspension, restaurant limitations"
Palestine,2020-03-07,cluster isolation - no symptoms
Palestine,2020-03-05,religious activity cancellation
US: Indiana,2020-03-25,domestic travel limitation
US: Indiana,2020-03-25,blanket curfew - no symptoms
US: Indiana,2020-03-25,outdoor gatherings banned
Palestine,2020-03-05,state of emergency
US:Maryland,2020-03-16,evictions prohibited
US:Maryland,2020-03-16,outdoor gatherings banned
Greece,2020-03-13,public announcement
Greece,2020-03-11,"public announcement, public hygiene"
Greece,2020-03-16,religious activity limitations
Palestine,2020-03-05,school closure
Nepal,2020-01-25,case reporting
Nepal,2020-01-25,case reporting
China,2020-02-02,"blanket isolation - no symptoms, compulsory isolation"
China,2020-02-03,"blanket isolation - no symptoms, compulsory isolation"
China,2020-02-03,"blanket isolation - no symptoms, compulsory isolation"
China,2020-02-04,"blanket isolation - no symptoms, compulsory isolation"
China,2020-02-03,"blanket isolation - no symptoms, compulsory isolation"
China,2020-02-04,"blanket isolation - no symptoms, compulsory isolation"
China,2020-02-04,"blanket isolation - no symptoms, compulsory isolation"
China,2020-02-04,"blanket isolation - no symptoms, compulsory isolation"
China,2020-02-04,"blanket isolation - no symptoms, compulsory isolation"
China,2020-02-04,"blanket isolation - no symptoms, compulsory isolation"
China,2020-02-05,"blanket isolation - no symptoms, compulsory isolation"
China,2020-02-05,"blanket isolation - no symptoms, compulsory isolation"
China,2020-02-05,"blanket isolation - no symptoms, compulsory isolation"
China,2020-02-05,"blanket isolation - no symptoms, compulsory isolation"
China,2020-02-06,"blanket isolation - no symptoms, compulsory isolation"
China,2020-02-05,"blanket isolation - no symptoms, compulsory isolation"
China,2020-02-05,"blanket isolation - no symptoms, compulsory isolation"
China,2020-02-06,"blanket isolation - no symptoms, compulsory isolation"
China,2020-02-06,"blanket isolation - no symptoms, compulsory isolation"
South Korea,2020-03-18,contact tracing
China,2020-02-06,"blanket isolation - no symptoms, compulsory isolation"
China,2020-02-07,"cluster isolation - no symptoms, compulsory isolation"
China,2020-02-09,"cluster isolation - no symptoms, compulsory isolation"
Croatia,2020-03-19,outdoor gatherings banned
South Korea,2020-03-18,coronavirus education activities
Croatia,2020-03-19,"general nonessential business suspension, outdoor gatherings banned"
South Korea,2020-03-19,contact isolation - no symptoms
Singapore,2020-03-26,"social distancing, space minimum"
Singapore,2020-03-26,limited nonessential business suspension
Singapore,2020-03-26,school closure
Singapore,2020-03-26,religious activity cancellation
Singapore,2020-03-26,outdoor gatherings banned
Singapore,2020-03-26,"outdoor gatherings banned, social distancing"
South Korea,2020-03-20,test travellers
South Korea,2020-03-21,cohort isolation - no symptoms
South Korea,2020-03-21,"cohort isolation - no symptoms, public facility cleaning"
South Korea,2020-03-22,limited nonessential business suspension
South Korea,2020-03-22,"public facility cleaning, public mask encouragement, social distancing advice"
South Korea,2020-03-23,social distancing
Nepal,2020-01-23,hospital specialisation
Nepal,2020-01-17,international traveller screening - risk countries
Nepal,2020-02-24,"case reporting, first case"
Palestine,2020-03-05,first case
Afghanistan,2020-02-24,first case
Afghanistan,2020-03-14,public announcement
Afghanistan,2020-03-18,"social distancing, sports cancellation, weddings canceled"
Nepal,2020-02-06,public mask wearing data
Nepal,2020-01-28,moves of medical material
Nepal,2020-01-28,international travel ban - risk countries
Nepal,2020-02-01,"public hygiene, public mask and hygiene supply"
Iraq,2020-02-22,first case
Iraq,2020-03-09,cluster isolation - no symptoms
Iraq,2020-02-27,school closure
Iraq,2020-02-27,outdoor gatherings banned
Nepal,2020-02-13,compulsory isolation
Nepal,2020-02-05,international aid
Nepal,2020-02-04,testing commenced
Nepal,2020-02-16,test travellers
Nepal,2020-02-14,public announcement
Slovakia,2020-03-24,hospital specialisation
US:Maryland,2020-03-19,general nonessential business suspension
US:Maryland,2020-03-17,"remote schooling, university closure"
US:Maryland,2020-03-16,limited nonessential business suspension
US:Maryland,2020-03-16,public transport limited
US:Maryland,2020-03-17,public transport limited
US:Maryland,2020-03-17,new testing method commenced
US:Maryland,2020-03-17,social distancing
US:Maryland,2020-03-17,cashless transactions
US:Maryland,2020-03-17,very large event cancellation or postponement
Slovakia,2020-03-24,"elderly, opening hours rearrangement"
Slovakia,2020-03-24,public mask wearing data
Slovakia,2020-03-24,public hygiene
Greece,2020-03-22,international travel ban - all countries
Hungary,2020-03-11,indoor gatherings banned
Hungary,2020-03-11,outdoor gatherings banned
Hungary,2020-03-11,university closure
Hungary,2020-03-16,school closure
Hungary,2020-03-16,nursery school closure
Hungary,2020-03-16,court cancellation
Hungary,2020-03-16,hospital specialisation
Hungary,2020-03-17,limited nonessential business suspension
Hungary,2020-03-18,hospital specialisation
Hungary,2020-03-19,"compulsory isolation, confirmed case isolation"
Hungary,2020-03-20,blanket isolation - symptoms
Hungary,2020-03-21,"coronavirus education activities, public announcement"
Ireland,2020-03-12,indoor gatherings banned
Luxembourg,2020-03-20,remote work
Malta,2020-03-20,international travel ban - all countries
Netherlands,2020-03-23,"compulsory isolation, outdoor gatherings banned"
Netherlands,2020-03-23,blanket curfew - no symptoms
Netherlands,2020-03-15,remote work
Netherlands,2020-03-23,blanket isolation - symptoms
Netherlands,2020-03-23,"compulsory isolation, social distancing"
Netherlands,2020-03-23,limited nonessential business suspension
Poland,2020-03-25,outdoor gatherings banned
Poland,2020-03-25,"blanket curfew - no symptoms, domestic travel ban"
Portugal,2020-03-24,public announcement
Czechia,2020-03-17,public mask wearing data
Czechia,2020-03-21,public mask wearing data
Czechia,2020-03-10,public mask wearing data
Slovakia,2020-03-22,cohort isolation - no symptoms
Spain,2020-03-08,"cluster isolation - no symptoms, compulsory isolation"
Spain,2020-03-11,"school closure, university closure"
Spain,2020-03-12,"nursery school closure, school closure, university closure"
Sweden,2020-03-13,"mitigation focus, public announcement"
Sweden,2020-03-19,domestic travel limitation
United Kingdom,2020-03-24,"blanket text messaging, coronavirus education activities"
United Kingdom,2020-03-23,blanket curfew - no symptoms
United States,2020-03-14,testing numbers total
Romania,2020-03-20,testing numbers total
Faroe Islands,2020-03-20,testing numbers total
Iceland,2020-03-20,testing numbers total
Qatar,2020-03-17,testing numbers total
Philippines,2020-03-20,testing numbers total
New Zealand,2020-03-17,testing numbers total
Switzerland,2020-03-07,testing numbers total
Czechia,2020-03-20,testing numbers total
Slovakia,2020-03-20,testing numbers total
Lithuania,2020-03-20,testing numbers total
Iran,2020-03-14,testing numbers total
France,2020-03-15,testing numbers total
Mexico,2020-03-10,testing numbers total
Kuwait,2020-03-17,testing numbers total
Poland,2020-03-20,testing numbers total
Denmark,2020-03-20,testing numbers total
China,2020-02-24,testing numbers total
Sweden,2020-03-17,testing numbers total
Norway,2020-03-20,testing numbers total
South Africa,2020-03-20,testing numbers total
Armenia,2020-03-18,testing numbers total
United Kingdom,2020-03-19,testing numbers total
Pakistan,2020-03-19,testing numbers total
Ukraine,2020-03-20,testing numbers total
Brazil,2020-03-13,testing numbers total
Croatia,2020-03-19,testing numbers total
Spain,2020-03-18,testing numbers total
Latvia,2020-03-20,testing numbers total
Malta,2020-03-13,testing numbers total
South Korea,2020-03-20,testing numbers total
Costa Rica,2020-03-19,testing numbers total
Belarus,2020-03-16,testing numbers total
Finland,2020-03-19,testing numbers total
Netherlands,2020-03-07,testing numbers total
Ireland,2020-03-17,testing numbers total
United States,2020-03-19,testing numbers total
Hungary,2020-03-20,testing numbers total
Vietnam,2020-03-20,testing numbers total
Germany,2020-03-15,testing numbers total
Panama,2020-03-18,testing numbers total
Italy,2020-03-20,testing numbers total
India,2020-03-20,testing numbers total
Colombia,2020-03-20,testing numbers total
Austria,2020-03-20,testing numbers total
Estonia,2020-03-20,testing numbers total
Belgium,2020-03-18,testing numbers total
Thailand,2020-03-17,testing numbers total
Russia,2020-03-19,testing numbers total
Malaysia,2020-03-20,testing numbers total
Bahrain,2020-03-20,testing numbers total
Palestine,2020-03-16,testing numbers total
United Arab Emirates,2020-03-16,testing numbers total
Australia,2020-03-20,testing numbers total
Turkey,2020-03-10,testing numbers total
Kyrgyzstan,2020-03-13,testing numbers total
Japan,2020-03-19,testing numbers total
Indonesia,2020-03-20,testing numbers total
Singapore,2020-03-20,"compulsory isolation, international traveller quarantine - all countries"
Singapore,2020-03-09,encouraging symptomatic people to seek tests
Singapore,2020-03-13,"cultural activity limitation, outdoor gatherings banned"
Singapore,2020-01-23,outbound travel warning
Singapore,2020-02-14,blanket isolation - symptoms
Singapore,2020-01-22,special management arrangements
Singapore,2020-03-18,outbound traveller ban
Singapore,2020-02-17,compulsory isolation
Singapore,2020-01-27,outbound travel warning
Singapore,2020-03-15,outbound travel warning
Singapore,2020-03-10,"elderly, outdoor gatherings banned"
Singapore,2020-01-23,international traveller screening - risk countries
Singapore,2020-01-03,international traveller screening - risk countries
Singapore,2020-03-20,phone based location tracing
Singapore,2020-02-03,eviction moratorium
Singapore,2020-01-02,test travellers
Singapore,2020-02-14,clinic specialisation
Singapore,2020-01-27,"cluster isolation - no symptoms, compulsory isolation"
Singapore,2020-02-02,quarantine numbers total
Singapore,2020-03-13,traveller testing
Singapore,2020-03-13,international travel ban - risk countries
Singapore,2020-03-21,remote work
Singapore,2020-02-12,isolation allowance
Singapore,2020-01-30,public mask and hygiene supply
Singapore,2020-03-16,international traveller quarantine - risk countries
Singapore,2020-02-15,religious activity cancellation
Singapore,2020-01-22,outbound travel warning
Singapore,2020-01-31,international travel ban - risk countries
Singapore,2020-03-20,space minimum
Singapore,2020-03-12,religious activity cancellation
Singapore,2020-01-22,international traveller screening - risk countries
Singapore,2020-03-26,outdoor gatherings banned
Japan,2020-02-12,international travel ban - risk countries
Singapore,2020-03-25,testing numbers total
Singapore,2020-03-24,"contact isolation - no symptoms, contact tracing"
India,2020-02-29,international traveller screening - all countries
Nepal,2020-02-29,very large event cancellation or postponement
Nepal,2020-02-29,public announcement
Nepal,2020-02-29,outbound traveller ban
Nepal,2020-03-07,visa suspension
Nepal,2020-02-29,international traveller screening - risk countries
Nepal,2020-02-24,international traveller screening - risk countries
US:New Jersey,2020-03-16,outdoor gatherings banned
US:New Jersey,2020-03-16,"limited nonessential business suspension, restaurant limitations"
US:New Jersey,2020-03-18,school closure
US:New Jersey,2020-03-18,increase hospital capacity
US:New Jersey,2020-03-17,limited nonessential business suspension
US:New Jersey,2020-03-14,blanket curfew - no symptoms
India,2020-03-15,international traveller screening - all countries
Nepal,2020-03-15,domestic travel limitation
US:New Jersey,2020-03-10,remote schooling
Nepal,2020-03-15,resumption of import
India,2020-03-15,international aid
Nepal,2020-03-15,international traveller quarantine - risk countries
US:New Jersey,2020-03-04,first case
US:New Jersey,2020-03-08,school closure
Nepal,2020-03-14,"sports cancellation, very large event cancellation or postponement"
Nepal,2020-03-14,visa suspension
Nepal,2020-03-15,international travel ban - all countries
Qatar,2020-03-08,international travel ban - risk countries
Nepal,2020-03-09,visa suspension
Nepal,2020-03-04,sewing plain clothes masks
Nepal,2020-03-02,international travel ban - risk countries
US:New Jersey,2020-03-19,limited nonessential business suspension
Serbia,2020-03-21,public transport stopped
Serbia,2020-03-20,international travel ban - all countries
Serbia,2020-03-21,outdoor gatherings banned
Serbia,2020-03-21,general nonessential business suspension
Nepal,2020-03-20,international travel ban - risk countries
Nepal,2020-03-18,cultural activity limitation
Nepal,2020-03-18,outdoor gatherings banned
Nepal,2020-03-18,very large event cancellation or postponement
Nepal,2020-03-18,exam postpone
Nepal,2020-03-18,"exam postpone, school closure"
Nepal,2020-03-17,increase hospital capacity
Nepal,2020-03-20,sports cancellation
Nepal,2020-03-20,essential public service
Nepal,2020-03-23,domestic travel limitation
Nepal,2020-03-22,international travel ban - all countries
Nepal,2020-03-20,"public announcement, public hygiene"
Nepal,2020-03-20,international aid
Nepal,2020-03-20,public announcement
Nepal,2020-03-21,hospital treatment
Nepal,2020-03-21,coronavirus education activities
Nepal,2020-03-21,increase hospital capacity
Germany,2020-03-21,international aid
Nepal,2020-03-21,phone line
Nepal,2020-03-20,financial incentive
Nepal,2020-03-20,"health declaration system, treatment capacity"
Nepal,2020-03-23,public announcement
Nepal,2020-03-22,cluster isolation - no symptoms
Nepal,2020-03-23,cluster isolation - no symptoms
Nepal,2020-03-23,international travel ban - risk countries
Nepal,2020-03-22,financial incentive
South Korea,2020-03-20,hospital specialisation
China,2020-02-16,outdoor gatherings banned
Switzerland,2020-03-16,international traveller screening - all countries
Romania,2020-01-22,international traveller screening - risk countries
Germany,2020-03-23,economic stimulus
Japan,2020-02-05,"cohort isolation - no symptoms, test contacts, test travellers"
Japan,2020-02-07,cohort isolation - no symptoms
Japan,2020-02-07,test travellers
Japan,2020-02-18,testing numbers total
Japan,2020-03-28,"clinic specialisation, handwashing encouragement, public mask encouragement"
Japan,2020-03-25,social distancing advice
Japan,2020-03-26,public announcement
Kazakhstan,2020-03-17,general nonessential business suspension
Kazakhstan,2020-03-17,cluster isolation - no symptoms
Kazakhstan,2020-03-15,emergency declaration
Kazakhstan,2020-03-16,state of emergency
Kazakhstan,2020-03-26,first death
Cyprus,2020-03-15,international travel ban - all countries
Cyprus,2020-03-11,case reporting
Cyprus,2020-03-12,case reporting
Cyprus,2020-01-28,special management arrangements
Cyprus,2020-03-11,outbound travel warning
Cyprus,2020-03-15,domestic travel limitation
Cyprus,2020-03-24,public green closure
Cyprus,2020-03-24,domestic travel ban
Cyprus,2020-03-15,school closure
Cyprus,2020-03-24,general nonessential business suspension
Cyprus,2020-03-24,religious activity limitations
Cyprus,2020-03-24,limited nonessential business suspension
Cyprus,2020-03-24,religious activity cancellation
Namibia,2020-03-14,first case
Namibia,2020-03-15,school closure
Namibia,2020-03-15,cultural activity limitation
Namibia,2020-03-17,state of emergency
Namibia,2020-03-27,cluster isolation - no symptoms
Namibia,2020-03-25,parliament suspended
Namibia,2020-03-24,social isolation
South Africa,2020-03-05,first case
South Africa,2020-03-15,state of emergency
South Africa,2020-03-15,outdoor gatherings banned
South Africa,2020-03-18,school closure
South Africa,2020-03-26,social distancing
North Korea,2020-02-02,international traveller quarantine - all countries
South Africa,2020-03-26,blanket curfew - no symptoms
Austria,2020-03-10,outdoor gatherings banned
Iceland,2020-03-16,outdoor gatherings banned
Iraq,2020-02-27,limited nonessential business suspension
Germany,2020-03-22,limited nonessential business suspension
US:New Jersey,2020-03-19,"blanket isolation - no symptoms, general nonessential business suspension, social distancing"
US:New Jersey,2020-03-18,expansion of testing facilities
US:New Jersey,2020-03-25,"community spread, low compliance"
US:New York,2020-03-01,first case
US:New York,2020-03-28,very large event cancellation or postponement
US:New York,2020-03-22,increase hospital capacity
US:New York,2020-03-16,school closure
US:New York,2020-03-26,hospital treatment
US:New York,2020-03-12,very large event cancellation or postponement
US:New York,2020-03-11,"remote schooling, university closure"
US:New York,2020-03-08,"public transport occupancy tracing, social distancing advice, symptom isolation, voluntary isolation"
US:New York,2020-03-07,"public announcement, state of emergency"
US:New York,2020-03-06,contact isolation
US:New York,2020-03-17,restaurant limitations
US:New York,2020-03-12,indoor gatherings banned
US:New York,2020-03-31,increase hospital capacity
US:New York,2020-03-02,"community spread, low compliance, public announcement"
US:New York,2020-03-28,low compliance
US:New York,2020-03-24,voluntary isolation
US:New York,2020-03-20,blanket curfew - no symptoms
US:New York,2020-03-10,cluster isolation - no symptoms
US:New York,2020-03-18,hospital construction
US:New York,2020-03-04,contact tracing
Georgia,2020-01-28,wild animal ban
Georgia,2020-01-30,public announcement
Georgia,2020-01-26,international traveller screening - symptomatic
Georgia,2020-01-29,international travel ban - risk countries
US:New York,2020-03-13,new testing method commenced
Georgia,2020-02-23,international travel ban - risk countries
Georgia,2020-02-04,expansion of testing facilities
Georgia,2020-02-26,international travel ban - risk countries
Georgia,2020-02-24,personal hygiene
Georgia,2020-02-27,international travel ban - risk countries
Egypt,2020-02-14,first case
US:New York,2020-03-08,ban on visit to nursing homes
Morocco,2020-03-02,first case
Morocco,2020-03-16,"school closure, university closure"
US:New York,2020-03-13,exam postpone
Russia,2020-02-28,international aid
Georgia,2020-02-29,school closure
US: Pennsylvania,2020-03-06,first case
Uganda,2020-03-20,"confirmed case isolation, first case"
Uganda,2020-01-27,international traveller screening - risk countries
Uganda,2020-03-18,international travel ban - risk countries
Uganda,2020-03-20,"school closure, university closure"
Uganda,2020-03-20,"cultural activity limitation, indoor gatherings banned, outdoor gatherings banned, religious activity limitations, restaurant limitations"
Uganda,2020-03-25,phone line
Uganda,2020-03-24,international travel ban - all countries
Uganda,2020-03-20,international traveller quarantine - all countries
US:New York,2020-03-13,school closure
US:Alabama,2020-02-04,international traveller screening - risk countries
US:Alabama,2020-02-28,general advice
US:Alabama,2020-03-18,school closure
US:Alabama,2020-03-18,"indoor gatherings banned, outdoor gatherings banned"
US:Alabama,2020-03-27,general nonessential business suspension
US:Alabama,2020-03-23,phone line
US:Alabama,2020-03-18,restaurant limitations
US:Alaska,2020-03-12,first case
US:Alaska,2020-03-21,cohort isolation - no symptoms
US:Alaska,2020-03-16,school closure
US:Alaska,2020-03-18,restaurant limitations
US:Alaska,2020-03-25,domestic traveller quarantine
US:Alaska,2020-03-18,cultural activity limitation
US:Alaska,2020-03-28,blanket curfew - no symptoms
US:Alaska,2020-03-28,domestic travel ban
Japan,2020-03-20,"handwashing encouragement, social distancing advice"
Japan,2020-02-28,"coronavirus education activities, public mask encouragement"
Japan,2020-02-28,"coronavirus education activities, handwashing encouragement"
Japan,2020-02-28,coronavirus education activities
South Korea,2020-04-01,international traveller quarantine - all countries
South Korea,2020-03-28,special management arrangements
South Korea,2020-03-28,compulsory isolation
US:New York,2020-03-28,clinic specialisation
US:New York,2020-03-12,school closure
US:New York,2020-03-12,cultural activity limitation
Bosnia and Herzegovina,2020-03-19,public hygiene
Bosnia and Herzegovina,2020-03-22,blanket curfew - no symptoms
Bosnia and Herzegovina,2020-03-28,emergency declaration
Bosnia and Herzegovina,2020-03-22,outdoor gatherings banned
Bosnia and Herzegovina,2020-03-21,sports cancellation
Bosnia and Herzegovina,2020-03-22,blanket curfew - no symptoms
Ireland,2020-03-27,blanket curfew - no symptoms
Ireland,2020-03-27,outdoor gatherings banned
Ireland,2020-03-27,limited nonessential business suspension
Ireland,2020-03-27,hospital treatment
Ireland,2020-03-27,"ban on visit to nursing homes, prisons closed to visitors, visiting in hospital banned"
Ireland,2020-03-27,isolation advice to elderly
Slovakia,2020-03-10,sports cancellation
Ireland,2020-03-24,increase hospital capacity
Ireland,2020-03-21,remote schooling
Finland,2020-03-21,first death
Finland,2020-03-28,blanket curfew - no symptoms
Andorra,2020-03-22,first death
Estonia,2020-03-24,social distancing
Estonia,2020-03-24,outdoor gatherings banned
Estonia,2020-03-27,quarantine zone
Estonia,2020-03-14,quarantine zone
Estonia,2020-03-14,sports cancellation
Estonia,2020-03-15,domestic travel limitation
Iceland,2020-03-18,international traveller quarantine - all countries
Iceland,2020-03-18,international travel ban - all countries
Iceland,2020-03-21,outdoor gatherings banned
Iceland,2020-03-21,blanket curfew - no symptoms
Iceland,2020-03-24,outdoor gatherings banned
Iceland,2020-03-24,sports cancellation
Iceland,2020-03-24,general nonessential business suspension
Belgium,2020-03-17,"blanket curfew - no symptoms, domestic travel ban"
Belgium,2020-03-17,general nonessential business suspension
Belgium,2020-03-17,outdoor gatherings banned
Belgium,2020-03-20,international travel ban - all countries
Czechia,2020-03-20,elderly
Czechia,2020-03-24,social distancing
Czechia,2020-03-24,outdoor gatherings banned
Czechia,2020-03-20,business resumed
Czechia,2020-03-25,elderly
Czechia,2020-03-31,international traveller quarantine - all countries
US: Pennsylvania,2020-03-16,restaurant limitations
US: Connecticut,2020-03-03,international travel ban - risk countries
US: Connecticut,2020-03-10,state of emergency
US: Connecticut,2020-02-06,voluntary isolation
US: Pennsylvania,2020-03-23,"cluster isolation - no symptoms, social distancing"
US: Pennsylvania,2020-03-22,cluster isolation - no symptoms
US: Pennsylvania,2020-03-16,"ban on visit to nursing homes, very large event cancellation or postponement"
US: Pennsylvania,2020-03-13,school closure
US: Pennsylvania,2020-03-21,exam postpone
US: Connecticut,2020-03-08,first case
US: Pennsylvania,2020-03-28,"blanket curfew - no symptoms, social distancing"
US: Pennsylvania,2020-03-21,school closure
US: Connecticut,2020-03-05,voluntary isolation
US: Massachussets,2020-03-13,indoor gatherings banned
US: Massachussets,2020-03-15,restaurant limitations
US: Massachussets,2020-02-01,first case
US: Massachussets,2020-03-13,religious activity cancellation
US: Massachussets,2020-03-15,school closure
US: Massachussets,2020-03-13,very large event cancellation or postponement
US: Massachussets,2020-04-15,"indoor gatherings banned, outdoor gatherings banned, social distancing"
US: Massachussets,2020-03-10,school closure
US: Connecticut,2020-03-16,school closure
US: Connecticut,2020-03-28,domestic travel limitation
US:Arkansas,2020-03-11,first case
US:Arkansas,2020-03-12,cohort isolation - no symptoms
US:Arkansas,2020-03-13,community spread
US:Arkansas,2020-03-17,school closure
US:Arkansas,2020-03-26,"indoor gatherings banned, outdoor gatherings banned"
US:Arkansas,2020-03-26,social distancing advice
US:Arkansas,2020-03-19,healthcare entry screening
US:Arkansas,2020-03-19,restaurant limitations
US:Arkansas,2020-03-13,cohort isolation - no symptoms
US:Arkansas,2020-03-19,cultural activity limitation
US:Colorado,2020-03-05,first case
US:Colorado,2020-03-14,sports cancellation
US:Colorado,2020-03-17,restaurant limitations
US:Colorado,2020-03-17,cultural activity limitation
US:Colorado,2020-03-17,"indoor gatherings banned, outdoor gatherings banned"
US:Colorado,2020-03-18,"indoor gatherings banned, outdoor gatherings banned"
US:Colorado,2020-03-23,general nonessential business suspension
US:Colorado,2020-03-19,school closure
US:Colorado,2020-03-26,blanket curfew - no symptoms
US: Massachussets,2020-03-16,activity cancellation - other
US: Massachussets,2020-03-15,unemployment benefits extension
US: Massachussets,2020-03-15,healthcare entry screening
US: Massachussets,2020-03-15,ban on visit to nursing homes
US: Massachussets,2020-03-24,school closure
US: Massachussets,2020-03-23,social distancing
US: Massachussets,2020-03-23,general nonessential business suspension
US: Massachussets,2020-03-23,stay home advice
US: Massachussets,2020-03-22,domestic travel limitation
US: Massachussets,2020-03-09,cohort isolation - no symptoms
US: Massachussets,2020-03-27,voluntary isolation
US: Massachussets,2020-03-24,public hand sanitizer supply
US: Massachussets,2020-03-05,contact tracing
US: Massachussets,2020-03-31,increase hospital capacity
Taiwan,2020-03-01,public hand sanitizer supply
Taiwan,2020-02-02,school closure
Taiwan,2020-02-06,public mask wearing data
Brazil,2020-03-10,public mask wearing data
Brazil,2020-03-03,public mask wearing data
Brazil,2020-03-24,public mask wearing data
Brazil,2020-03-17,public mask wearing data
Brazil,2020-03-31,public mask wearing data
Brazil,2020-02-03,public announcement
Brazil,2020-02-25,first case
Brazil,2020-03-13,international traveller quarantine - all countries
Brazil,2020-03-21,testing planned
Brazil,2020-03-18,domestic travel limitation
Brazil,2020-03-16,special management arrangements
Brazil,2020-03-14,international traveller screening - all countries
Brazil,2020-03-18,state of emergency
Brazil,2020-03-17,international travel ban - risk countries
Brazil,2020-03-20,"outdoor gatherings banned, social distancing advice"
Brazil,2020-03-19,"domestic travel limitation, limited nonessential business suspension"
Brazil,2020-03-21,state of emergency
Brazil,2020-03-21,international travel ban - all countries
Brazil,2020-03-21,limited nonessential business suspension
Brazil,2020-03-21,school closure
Brazil,2020-03-24,funeral hygiene
Brazil,2020-03-25,"blanket announcement, public announcement"
Brazil,2020-03-25,stay home advice
Brazil,2020-03-28,stay home advice
Brazil,2020-03-24,public statement in support of resuming business
Brazil,2020-03-16,prison policy
Taiwan,2020-03-19,"compulsory isolation, international travel ban - all countries, international traveller quarantine - all countries, isolation allowance"
Taiwan,2020-04-05,case reporting
US:Hawaii,2020-03-17,school closure
US:Hawaii,2020-03-20,restaurant limitations
US:Hawaii,2020-03-21,domestic traveller quarantine
US:Hawaii,2020-03-25,blanket isolation - no symptoms
US:Hawaii,2020-03-25,"indoor gatherings banned, outdoor gatherings banned"
US:Hawaii,2020-04-04,public mask encouragement
US:Hawaii,2020-03-30,coronavirus education activities
US:Iowa,2020-03-09,state of emergency
US:Iowa,2020-03-17,state of emergency
US:Iowa,2020-03-26,limited nonessential business suspension
US:Iowa,2020-03-17,restaurant limitations
US:Iowa,2020-03-17,cultural activity limitation
US:Iowa,2020-03-17,"indoor gatherings banned, outdoor gatherings banned"
US:Kansas,2020-03-12,state of emergency
US:Kansas,2020-03-14,community spread
US:Kansas,2020-03-17,indoor gatherings banned
US:Kansas,2020-03-17,school closure
US:Kansas,2020-03-30,blanket isolation - no symptoms
US:Kansas,2020-03-25,indoor gatherings banned
US:Kentucky,2020-03-06,state of emergency
US:Kentucky,2020-03-14,confirmed case isolation
US:Kentucky,2020-03-16,restaurant limitations
US:Kentucky,2020-03-26,general nonessential business suspension
US:Kentucky,2020-03-26,social distancing
US:Kentucky,2020-03-23,limited nonessential business suspension
US:Kentucky,2020-03-07,symptom hotline
US:Kentucky,2020-03-19,"indoor gatherings banned, outdoor gatherings banned"
US:Kentucky,2020-03-18,cultural activity limitation
US:Kentucky,2020-03-30,outbound traveller ban
US:Louisiana,2020-03-23,blanket isolation - no symptoms
US:Louisiana,2020-03-23,"indoor gatherings banned, outdoor gatherings banned"
US:Louisiana,2020-03-23,cultural activity limitation
US: Rhode Island,2020-03-01,first case
US: Rhode Island,2020-03-16,school closure
US: Rhode Island,2020-03-09,"public announcement, state of emergency"
US: Rhode Island,2020-03-12,closure of gathering places
US: Rhode Island,2020-03-11,university closure
US: Rhode Island,2020-03-13,cohort isolation - no symptoms
US: Rhode Island,2020-03-13,event cancellation - other
US: Rhode Island,2020-03-16,religious activity cancellation
US: Rhode Island,2020-03-17,restaurant limitations
US: Rhode Island,2020-03-24,blanket curfew - no symptoms
US: Rhode Island,2020-03-22,general nonessential business suspension
US: Rhode Island,2020-03-23,very large event cancellation or postponement
US: Rhode Island,2020-03-17,"indoor gatherings banned, outdoor gatherings banned"
US: Rhode Island,2020-03-28,"indoor gatherings banned, outdoor gatherings banned"
US: Rhode Island,2020-03-24,cohort isolation - no symptoms
US: Rhode Island,2020-03-24,blanket curfew - no symptoms
US: Rhode Island,2020-03-28,blanket curfew - no symptoms
US: Rhode Island,2020-04-03,closure of gathering places
US: Rhode Island,2020-04-03,hospital construction
US: Rhode Island,2020-03-30,school closure
US:Louisiana,2020-03-17,"indoor gatherings banned, outdoor gatherings banned"
US:Louisiana,2020-04-02,information sms
US:Louisiana,2020-03-17,cultural activity limitation
US:Louisiana,2020-03-17,restaurant limitations
US:Louisiana,2020-03-11,state of emergency
US:Louisiana,2020-03-13,"indoor gatherings banned, outdoor gatherings banned"
US:Louisiana,2020-03-13,school closure
US:Louisiana,2020-03-13,very large event cancellation or postponement
US:Louisiana,2020-03-17,very large event cancellation or postponement
